Source,Site,RSS,City,State,National
Wall Street Journal,http://www.wsj.com,http://www.wsj.com/xml/rss/3_7014.xml,,US,Y
New York Times,http://www.nytimes.com,http://rss.nytimes.com/services/xml/rss/nyt/Politics.xml,New York,NY,Y
USA Today,http://usatoday.com/,http://rssfeeds.usatoday.com/usatodaycomwashington-topstories&x=1,,US,Y
LA Times,http://latimes.com/,http://www.latimes.com/nation/politics/rss2.0.xml,Los Angoles,CA,Y
New York Daily News,http://www.nydailynews.com,http://www.nydailynews.com/cmlink/NYDN.News.Politics.rss,New York,NY,Y
New York Post,http://nypost.com/,http://nypost.com/news/feed/,New York,NY,Y
Washington Post,http://washingtonpost.com/,http://feeds.washingtonpost.com/rss/politics,Washington,DC,Y
Chicago Sun-Times,http://chicago.suntimes.com/,http://chicago.suntimes.com/section/politics/feed/,Chicago,IL,Y
Denver Post,http://www.denverpost.com,http://www.denverpost.com/feed/,Denver,CO,Y
Chicago Tribune,http://chicagotribune.com/,http://www.chicagotribune.com/rss2.0.xml,Chicago,IL,Y
Houston Chronicle,http://chron.com/,http://www.chron.com/rss/feed/Politics-275.php,Houston,TX,Y
Orange County Register,http://www.ocregister.com,http://www.ocregister.com/common/rss/rss.php?catID=18805,Orange County,CA,N
NJ Star-Ledger,http://www.nj.com,http://blog.nj.com/ledgerupdates_impact/rss.xml,Newark,NJ,N
Tampa Bay Time,http://tampabay.com,http://blog.nj.com/ledgerupdates_impact/rss.xml,Tampa-St. Petersburg,FL,N
San Diego Tribune,sandiegouniontribune.com,http://www.sandiegouniontribune.com/rss/headlines/most-recent/,San Diego,CA,N
Hartford Courant,http://www.courant.com/,http://www.courant.com/politics/rss2.0.xml,Hartford,CT,N
Pittsburgh Post-Gazette,http://www.post-gazette.com/,http://www.post-gazette.com/rss/news/politics-nation,Pittsburgh,PA,N
Daily Hampshire Gazette,http://www.gazettenet.com/,http://www.gazettenet.com/SpecialPages/RSS?feed=News,Northampton,MA,N
The Recorder,http://www.recorder.com/,http://www.recorder.com/SpecialPages/RSS?feed=News,Greenfield,MA,N
Rutland Herald,http://rutlandherald.com/,http://rutlandherald.com/apps/pbcs.dll/section?category=RSS04&mime=xml,Rutland,VT,N
Norwich Bulletin,http://www.norwichbulletin.com/,http://www.norwichbulletin.com/news/government?template=rss&mime=xml,Norwich,CT,N
New York Post,http://nypost.com/,http://nypost.com/news/feed/,New York,NY,N
The Post and Courier,http://www.postandcourier.com/,http://www.postandcourier.com/apps/pbcs.dll/section?Category=PC1603&template=rss&mime=XML,Charleston,SC,N
The Barnstable Patriot,http://www.barnstablepatriot.com/,http://www.barnstablepatriot.com/news?template=rss&mime=xml,Barnstable,MA,N
TimesDaily,http://www.timesdaily.com/,http://www.timesdaily.com/search/?q=&t=article&l=25&d=&d1=&d2=&s=start_time&sd=desc&c[]=news/politics*&f=rss,Florence,AL,N
Times-Journal,http://times-journal.com/,"http://times-journal.com/search/?q=&t=article&l=100&d=&d1=&d2=&s=start_time&sd=desc&nsa=eedition&c[]=news,news/*&f=rss",Fort Payne,AL,N
The Gadsden Times,http://www.gadsdentimes.com/,http://www.gadsdentimes.com/news?template=rss&mime=xml&_ga=1.166244798.1493230767.1464814458,Gadsden,AL,N
Opelika-Auburn News,http://www.oanow.com/,http://www.oanow.com/search/?q=&t=article&l=25&d=&d1=&d2=&s=start_time&sd=desc&c[]=news/political/election*&f=rss,Opelika,AL,N
The Tuscaloosa News,http://www.tuscaloosanews.com/apps/pbcs.dll/frontpage,http://www.tuscaloosanews.com/rss/articles/NEWS/1007/30,Tuscaloosa,AL,N
Arizona Daily Star,http://tucson.com/,http://tucson.com/search/?f=rss&t=article&c=news/local/govt-and-politics&l=25&s=start_time&sd=desc,Tuscon,AZ,N
Casa Grande Dispatch,http://www.trivalleycentral.com/casa_grande_dispatch/,http://www.trivalleycentral.com/search/?q=&t=article&l=25&d=&d1=&d2=&s=start_time&sd=desc&c[]=news_premium*&f=rss,Casa Grande,AZ,N
The Daily Courier,http://www.dcourier.com/,http://www.dcourier.com/rss/headlines/,Prescott,AZ,N
The Daily Territorial,http://www.insidetucsonbusiness.com/,http://www.insidetucsonbusiness.com/search/?q=&t=article&l=25&d=&d1=&d2=&s=start_time&sd=desc&c[]=news/breaking_news*&f=rss,Tuscon,AZ,N
The Kingman Daily Miner,http://kdminer.com/,http://kdminer.com/1_rss.xml,Kingman,AZ,N
Yuma Sun,http://www.yumasun.com/,http://www.yumasun.com/search/?q=&t=article&l=25&d=&d1=&d2=&s=start_time&sd=desc&c[]=news/local*&f=rss,Yuma,AZ,N
The Daily Siftings Herald,http://www.siftingsherald.com/,http://www.siftingsherald.com/news?template=rss&mime=xml,Arkadelphia,AR,N
Hope Star,http://www.hopestar.com/,http://www.hopestar.com/news?template=rss&mime=xml,Hope,AR,N
Southwest Times Record,http://swtimes.com/,http://swtimes.com/news/feed,Fort Smith,AR,N
Stuttgart Daily Leader,http://www.stuttgartdailyleader.com/,http://www.stuttgartdailyleader.com/news?template=rss&mime=xml,Stuttgart,AR,N
The Mercury News,http://www.mercurynews.com/,http://feeds.mercurynews.com/mngi/rss/CustomRssServlet/568/200740.xml,San Jose,CA,N
Orange Country Register,http://www.ocregister.com/,http://www.ocregister.com/common/rss/rss.php?catID=23541,Santa Ana,CA,N
East Bay Times,http://www.eastbaytimes.com/,http://feeds.contracostatimes.com/mngi/rss/CustomRssServlet/571/200827.xml,Walnut Creek,CA,N
San Gabriel Valley Tribune,http://www.sgvtribune.com/,http://www.sgvtribune.com/section?template=RSS&profile=4000433&mime=xml,Monrovia,CA,N
Daily Breeze,http://www.dailybreeze.com/,http://www.dailybreeze.com/section?template=RSS&profile=4000338&mime=xml,Torrance,CA,N
Los Angeles Daily News,http://www.dailynews.com/,http://www.dailynews.com/section?template=RSS&profile=4000034&mime=xml,Woodland Hills,CA,N
Press-Telegram,http://www.presstelegram.com/,http://www.presstelegram.com/section?template=RSS&profile=4000262&mime=xml,Long Beach,CA,N
Inland Valley Daily Bulletin,http://www.dailybulletin.com/,http://www.dailybulletin.com/section?template=RSS&profile=4000613&mime=xml,Rancho Cucamonga,CA,N
Chico-Enterprise Record,http://www.chicoer.com/,http://www.chicoer.com/section?template=RSS&profile=4004437&mime=xml,Chico,CA,N
Santa Barbara News-Press,http://www.newspress.com/Top/index.jsp,http://www.newspress.com/Top/rss/rss.jsp?s=LOCAL,Santa Barbara,CA,N
The Monterey County Herald,http://www.montereyherald.com/,http://www.montereyherald.com/section?template=RSS&profile=4004752&mime=xml,Monterey,CA,N
Daily Press,http://www.vvdailypress.com/,http://www.vvdailypress.com/news?template=rss&mime=xml,Victorville,CA,N
Lodi News-Sentinel,http://www.lodinews.com/,"http://www.lodinews.com/search/?q=&t=article&l=100&d=&d1=&d2=&s=start_time&sd=desc&nsa=eedition&c[]=news,news/*&f=rss",Lodi,CA,N
The Stanford Daily,http://www.stanforddaily.com/,http://www.stanforddaily.com/feed/,Palo Alto,CA,N
Red Bluff Daily,http://www.redbluffdailynews.com/,http://www.redbluffdailynews.com/section?template=RSS&profile=4004603&mime=xml,Red Bluff,CA,N
Redlands Daily Facts,http://www.redlandsdailyfacts.com/,http://www.redlandsdailyfacts.com/section?template=RSS&profile=4000776&mime=xml,Redlands,CA,N
The Bakersfield Californian,http://www.bakersfield.com/,http://www.bakersfield.com/rss,Bakersfield,CA,N
Asbarez,http://asbarez.com/,http://asbarez.com/feed/,Los Angeles,CA,N
Appeal-Democrat,http://www.appeal-democrat.com/,"http://www.appeal-democrat.com/search/?q=&t=article&l=100&d=&d1=&d2=&s=start_time&sd=desc&nsa=eedition&c[]=news,news/*&f=rss",Marysville,CA,N
Redding Record Searchlight,http://www.redding.com/,http://www.redding.com/feeds/rss/news/politics,Redding,CA,N
San Mateo County Times,http://www.mercurynews.com/san-mateo-county,http://feeds.mercurynews.com/mngi/rss/CustomRssServlet/568/200740.xml,San Mateo County,CA,N
Santa Cruz Sentinel,http://www.santacruzsentinel.com/,http://www.santacruzsentinel.com/section?template=RSS&profile=4004660&mime=xml,Santa Cruz,CA,N
The Record ,http://www.recordnet.com/,http://www.recordnet.com/news?template=rss&mime=xml,Stockton,CA,N
Daily Democrat,http://www.dailydemocrat.com/,http://www.dailydemocrat.com/section?template=RSS&profile=4004985&mime=xml,Woodland ,CA,N
Daily Camera,http://www.dailycamera.com/,http://feeds.dailycamera.com/mngi/rss/CustomRssServlet/21/218121.xml,Boulder,CO,N
The Pueblo Chieftain,http://www.chieftain.com/,http://www.chieftain.com/XMLServer/?pub=PuebloChieftain&section=/News/Politics/,Pueblo,CO,N
Grand Junction Daily Sentinel,http://www.gjsentinel.com/,http://www.gjsentinel.com/feeds/rss2,Grand Junction,CO,N
Longmont Times-Call,http://www.timescall.com/,http://feeds.timescall.com/mngi/rss/CustomRssServlet/46/243130.xml,Longmont,CO,N
Reporter-Herald,http://www.reporterherald.com/,http://feeds.reporterherald.com/mngi/rss/CustomRssServlet/47/243929.xml,Loveland,CO,N
Durango Herald,http://www.durangoherald.com/,http://www.durangoherald.com/section/news01?template=RSS&mime=xml,Durango,CO,N
Canon City Daily Record,http://www.canoncitydailyrecord.com/,http://feeds.canoncitydailyrecord.com/mngi/rss/CustomRssServlet/49/244843.xml,Canon City,CO,N
Stamford Advocate,http://www.stamfordadvocate.com/,http://www.stamfordadvocate.com/RSS/feed/Breaking-news-from-stamfordadvocate-com-251.php,Stamford,CT,N
The Connecticut Mirror,http://ctmirror.org/,http://ctmirror.org/feed/,Hartford,CT,N
Connecticut Post,http://www.ctpost.com/,http://www.ctpost.com/rss/collectionRss/RSS-News-59480.php,Bridgeport,CT,N
Greenwich Time,http://www.greenwichtime.com/,http://www.greenwichtime.com/RSS/feed/Breaking-news-from-greenwichtime-com-252.php,Greenwich,CT,N
Journal Inquirer,http://www.journalinquirer.com/,"http://www.journalinquirer.com/search/?q=&t=article&l=100&d=&d1=&d2=&s=start_time&sd=desc&nsa=eedition&c[]=page_one*,page_one*/*&f=rss",Manchester,CT,N
New Haven Register,http://www.nhregister.com/,http://www.nhregister.com/section?template=RSS&profile=4000932&mime=xml,New Haven,CT,N
The News-Times,http://www.newstimes.com/,http://www.newstimes.com/RSS/feed/Breaking-news-from-newstimes-com-249.php,Danbury,CT,N
Cape Gazette,http://capegazette.villagesoup.com/,http://capegazette.villagesoup.com/rss/story/news,Lewes,DE,N
Dover Post,http://www.doverpost.com/,http://www.doverpost.com/news?template=rss&mime=xml,Dover,DE,N
Daily Commercial,http://www.dailycommercial.com/,"http://www.dailycommercial.com/search/?q=&t=article&l=100&d=&d1=&d2=&s=start_time&sd=desc&nsa=eedition&c[]=ap/state,ap/state/*&f=rss",Leesburg,FL,N
Daytona Beach News,http://www.news-journalonline.com/,http://www.news-journalonline.com/rss/articles/101060/10,,,
Jacksonville Free Press,http://jacksonvillefreepress.com/,http://jacksonvillefreepress.com/feed/,Jacksonville,FL,N
Lake City Reporter,http://www.lakecityreporter.com/,http://www.lakecityreporter.com/rss.xml,Lake City,FL,N
The Ledger,http://www.theledger.com/,http://www.theledger.com/rss/articles/NEWS/1338/30,Lakeland,FL,N
Naples Daily News,http://www.naplesnews.com/,http://www.naplesnews.com/news/politics/index.rss,Naples,FL,N
News Chief,http://www.newschief.com/,http://www.newschief.com/rss/articles/NEWS/1021/30,Winter Haven,FL,N
The News Herald,http://www.newsherald.com/,http://www.newsherald.com/news?template=rss&mime=xml,Panama City,FL,N
Northwest Florida Daily News,http://www.nwfdailynews.com/,http://www.nwfdailynews.com/news?template=rss&mime=xml,Fort Walton Beach,FL,N
Orlando Weekly,http://www.orlandoweekly.com/,http://www.orlandoweekly.com/orlando/Rss.xml?section=2240408,Orlando,FL,N
Sarasota Herald-Tribune,http://www.heraldtribune.com/,http://www.heraldtribune.com/rss/articles/article/2055/10,Sarasota,FL,N
Star-Banner,http://www.ocala.com/,http://www.ocala.com/rss/articles/NEWS/1356/30,Ocala,FL,N
Tampa Bay Times,http://www.tampabay.com/,"http://www.tampabay.com/feeds/rss.page?collatedTag=news,politics&section=staffArticle&feedType=rss",St. Petersburg,FL,N
Rome News-Tribune,http://www.northwestgeorgianews.com/rome/,"http://www.northwestgeorgianews.com/search/?q=&t=article&l=10&d=&d1=&d2=&s=start_time&sd=desc&c[]=rome,rome/*&f=rss",Rome,GA,N
Statesboro Herald,http://www.statesboroherald.com/,http://www.statesboroherald.com/syndication/feeds/rss/,Statesboro,GA,N
West Hawaii Today,http://www.westhawaiitoday.com/,http://westhawaiitoday.com/taxonomy/term/72/feed,Kailua-Kona,HI,N
The Idaho Press-Tribune,http://www.idahopress.com/,http://www.idahopress.com/search/?q=&t=article&l=25&d=&d1=&d2=&s=start_time&sd=desc&c[]=newsletter/responsive/morning-headlines*&f=rss,Nampa,ID,N
Lewiston Morning Tribune,http://lmtribune.com/,"http://lmtribune.com/search/?q=&t=article&l=100&d=&d1=%20%20%20%20%20%20%20%20%20%20%20%20%20%20%20%20&d2=&s=start_time&sd=desc&c[]=northwest/all-systems-are-go-for-grain-crops,northwest/all-systems-are-go-for-grain-crops/*%20%20%20%20%20%20%20%20%20%20%20%20%20%20%20%20%20%20%20%20&f=rss",Lewiston,ID,N
Moscow-Pullman Daily News,http://dnews.com/,"http://dnews.com/search/?q=&t=article&l=100&d=&d1=&d2=&s=start_time&sd=desc&nsa=eedition&c[]=local,local/*&f=rss",Moscow,ID,N
The Benton Evening News,http://www.bentoneveningnews.com/,http://www.bentoneveningnews.com/news?template=rss&mime=xml,Benton,IL,N
The Carmi Times,http://www.carmitimes.com/,http://www.carmitimes.com/news?template=rss&mime=xml,Carmi,IL,N
The Daily Leader,http://www.pontiacdailyleader.com/,http://www.pontiacdailyleader.com/news?template=rss&mime=xml,Pontiac,IL,N
The Daily Ledger,http://www.cantondailyledger.com/,http://www.cantondailyledger.com/news?template=rss&mime=xml,Canton,IL,N
The Daily Register,http://www.dailyregister.com/,http://www.dailyregister.com/news?template=rss&mime=xml,Harrisburg,IL,N
The Daily Republican,http://www.dailyrepublicannews.com/,http://www.dailyrepublicannews.com/news?template=rss&mime=xml,Marion,IL,N
Daily Review Atlas,http://www.reviewatlas.com/,http://www.reviewatlas.com/news?template=rss&mime=xml,Monmouth,IL,N
Du Quoin Evening Call,http://www.duquoin.com/,http://www.duquoin.com/news?template=rss&mime=xml,Du Quoin,IL,N
Edwardsville Intelligencer,http://www.theintelligencer.com/,"http://www.theintelligencer.com/search/?q=&t=article&l=100&d=&d1=&d2=&s=start_time&sd=desc&nsa=eedition&c[]=local_news,local_news/*&f=rss",Edwardsville,IL,N
The Journal Standard,http://www.journalstandard.com/,http://www.journalstandard.com/news/government?template=rss&mime=xml,Freeport,IL,N
Journal Star,http://www.pjstar.com/,http://www.pjstar.com/news?template=rss&mime=xml&_ga=1.269002289.1185218227.1464968899,Peoria,IL,N
Lincoln Courier,http://www.lincolncourier.com/,http://www.lincolncourier.com/news?template=rss&mime=xml,Lincoln,IL,N
The McDonough County Voice,http://www.mcdonoughvoice.com/,http://www.mcdonoughvoice.com/news?template=rss&mime=xml,Macomb,IL,N
Naperville Sun,http://www.chicagotribune.com/suburbs/naperville-sun/,http://www.chicagotribune.com/suburbs/naperville-sun/rss2.0.xml,Naperville,IL,N
The News Gazette,http://www.news-gazette.com/,http://www.news-gazette.com/rss.xml,Champaign,IL,N
Northwest Herald,http://www.nwherald.com/,http://www.nwherald.com/?rss=news/local,Crystal Lake,IL,N
Olney Daily Mail,http://www.olneydailymail.com/,http://www.olneydailymail.com/news?template=rss&mime=xml,Olney,IL,N
Pekin Daily Times,http://www.pekintimes.com/,http://www.pekintimes.com/news?template=rss&mime=xml,Pekin,IL,N
The Register-Mail,http://www.galesburg.com/,http://www.galesburg.com/news?template=rss&mime=xml,Galesburg,IL,N
Rockford Register Star,http://www.rrstar.com/,http://www.rrstar.com/news/government?template=rss&mime=xml,Rockford,IL,N
Daily Southtown,http://www.chicagotribune.com/suburbs/daily-southtown/,http://www.chicagotribune.com/suburbs/daily-southtown/rss2.0.xml,Tinley Park,IL,N
Star Courier,http://www.starcourier.com/,http://www.starcourier.com/news?template=rss&mime=xml,Kewanee,IL,N
The State Journal-Register,http://www.sj-r.com/,http://www.sj-r.com/news/the-dome?template=rss&mime=xml,Springfield,IL,N
Daily Reporter,http://www.greenfieldreporter.com/,http://www.greenfieldreporter.com/feed/cat/3000,Greenfield,IN,N
Indianapolis Recorder,http://www.indianapolisrecorder.com/,"http://www.indianapolisrecorder.com/search/?q=&t=article&l=100&d=&d1=&d2=&s=start_time&sd=desc&nsa=eedition&c[]=,/*&f=rss",Indianapolis,IN,N
Greene County Daily World,http://www.gcdailyworld.com/,http://www.gcdailyworld.com/feed/rss/all/week.rss,Greene County,IN,N
Post-Tribune,http://www.chicagotribune.com/suburbs/post-tribune/,http://www.chicagotribune.com/suburbs/post-tribune/rss2.0.xml,Merrillville,IN,N
The News-Dispatch,http://www.thenewsdispatch.com/,"http://www.thenewsdispatch.com/search/?q=&t=article&l=100&d=&d1=&d2=&s=start_time&sd=desc&nsa=eedition&c[]=news,news/*&f=rss",Michigan City,IN,N
The Times of Northwest Indiana,http://www.nwitimes.com/,http://www.nwitimes.com/search/?app=editorial&q=&t=article&l=10&d=&d1=&d2=&s=start_time&sd=desc&fl=urgent&f=rss,Munster,IN,N
Courier Times,http://www.personcountylife.com/,http://www.personcountylife.com/news.xml,New Castle,IN,N
The Tribune,http://www.tribtown.com/,http://www.tribtown.com/feed/cat/3000,Seymour,IN,N
Ames Tribune,http://amestrib.com/,http://amestrib.com/topnews/feed,Ames,IA,N
Boone News-Republican,http://newsrepublican.com/,http://newsrepublican.com/taxonomy/term/1/feed,Boone,IA,N
Sioux City Journal,http://siouxcityjournal.com/,http://siouxcityjournal.com/search/?f=rss&t=article&c=news/local&l=25&s=start_time&sd=desc,Sioux City,IA,N
Telegraph Herald,http://www.thonline.com/,http://www.thonline.com/search/?q=&t=article&l=500&d=today&d1=&d2=&s=&sd=desc&f=rss,Dubuque,IA,N
The Arkansas City Traveler,http://www.arkcity.net/,http://www.arkcity.net/search/?q=&t=article&l=25&d=&d1=&d2=&s=start_time&sd=desc&c[]=news/breaking_news*&f=rss,Arkansas City ,KS,N
Atchison Daily Globe,http://www.atchisonglobenow.com/,http://www.atchisonglobenow.com/search/?q=&t=article&l=25&d=&d1=&d2=&s=start_time&sd=desc&c[]=news/local_news*&f=rss,Atchison,KS,N
Augusta Daily Gazette,http://www.butlercountytimesgazette.com/,http://www.butlercountytimesgazette.com/news?template=rss&mime=xml,Augusta,KS,N
Dodge City Daily Globe,http://www.dodgeglobe.com/,http://www.dodgeglobe.com/news?template=rss&mime=xml,Dodge City,KS,N
The El Dorado Times,http://www.butlercountytimesgazette.com/,http://www.butlercountytimesgazette.com/news?template=rss&mime=xml,El Dorado,KS,N
Fort Scott Tribune,http://www.fstribune.com/,http://www.fstribune.com/feed/rss/all/week.rss,Fort Scott,KS,N
Leavenworth Times,http://www.leavenworthtimes.com/,http://www.leavenworthtimes.com/news?template=rss&mime=xml,Leavenworth,KS,N
McPherson Sentinel,http://www.mcphersonsentinel.com/,http://www.mcphersonsentinel.com/news?template=rss&mime=xml,McPherson,KS,N
The Morning Sun,http://www.morningsun.net/,http://www.morningsun.net/news?template=rss&mime=xml,Pittsburg ,KS,N
The Wellington Daily News,http://www.wellingtondailynews.com/,http://www.wellingtondailynews.com/news?template=rss&mime=xml,Wellington,KS,N
The Winfield Daily Courier,http://www.winfieldcourier.com/,"http://www.winfieldcourier.com/search/?q=&t=article&l=100&d=&d1=&d2=&s=start_time&sd=desc&nsa=eedition&c[]=news,news/*&f=rss",Winfield,KS,N
The Floyd County Times,http://floydcountytimes.com/,http://floydcountytimes.com/feed,Prestonburg,KY,N
News Democrat & Leader,http://newsdemocratleader.com/,http://newsdemocratleader.com/feed,Russellville,KY,N
Bastrop Daily Enterprise,http://www.bastropenterprise.com/,http://www.bastropenterprise.com/news?template=rss&mime=xml,Bastrop,LA,N
The Advocate,http://theadvocate.com/,http://theadvocate.com/feed?feedName=Politics/Gov%E2%80%99t&feedURL=http://theadvocate.com/news/politics/&publication=Advocate&sections=/news/politics/&areas=Stories&counts=20&feedContentPage=/shared/templates/feeds/rss2.csp,Baton Rouge ,LA,N
Donaldsonville Chief,http://www.donaldsonvillechief.com/,http://www.donaldsonvillechief.com/news?template=rss&mime=xml,Donaldsonville,LA,N
The Houma Courier,http://www.houmatoday.com/,http://www.houmatoday.com/rss/articles/ARTICLES/1211/30,Houma,LA,N
Leesville Daily Leader,http://www.leesvilledailyleader.com/,http://www.leesvilledailyleader.com/news?template=rss&mime=xml,Leesville,LA,N
The Times-Picayune,http://www.nola.com/#/0,http://blog.nola.com/nola_river/atom.xml,New Orleans,LA,N
Ruston Daily Leader,http://www.rustonleader.com/,http://rustonleader.com/rss.xml,Ruston,LA,N
Southwest Daily News,http://www.sulphurdailynews.com/,http://www.sulphurdailynews.com/news?template=rss&mime=xml,Sulphur,LA,N
The Daily Comet,http://www.dailycomet.com/,http://www.dailycomet.com/rss/articles/ARTICLES/1212/30,Thibodaux,LA,N
Bangor Daily News,http://bangordailynews.com/,http://bangordailynews.com/feed/,Bangor ,ME,N
The Times Record,http://www.timesrecord.com/,http://www.timesrecord.com/news.xml,Brunswick,ME,N
The Baltimore Sun,http://www.baltimoresun.com/,http://www.baltimoresun.com/news/maryland/politics/rss2.0.xml,Baltimore,MD,N
Daily Record,http://thedailyrecord.com/,http://thedailyrecord.com/feed/,Baltimore,MD,N
Epoch Times,http://www.theepochtimes.com/,http://www.theepochtimes.com/n3/c/us/us-news/feed/,Rockville,MD,Y
The Herald-Mail,http://www.heraldmailmedia.com/,"http://www.heraldmailmedia.com/search/?q=&t=article&l=100&d=&d1=&d2=&s=start_time&sd=desc&nsa=eedition&c[]=sports,sports/*&f=rss",Hagerstown,MD,N
Kent Island Bay Times,http://www.myeasternshoremd.com/,"http://www.myeasternshoremd.com/search/?q=&t=article&l=100&d=&d1=&d2=&s=start_time&sd=desc&nsa=eedition&c[]=news,news/*&f=rss",Stevensville,MD,N
Athol Daily News,http://www.atholdailynews.com/,http://www.atholdailynews.com/rss.xml,Athol,MA,N
Boston Herald,http://www.bostonherald.com/,http://www.bostonherald.com/feed,Boston,MA,Y
Daily Times Chronicle,http://homenewshere.com/,"http://homenewshere.com/search/?q=&t=article&l=100&d=&d1=&d2=&s=start_time&sd=desc&nsa=eedition&c[]=daily_times_chronicle/news/woburn,daily_times_chronicle/news/woburn/*&f=rss",Woburn,MA,N
The Enterprise,http://www.enterprisenews.com/,http://www.enterprisenews.com/news?template=rss&mime=xml,Brockton,MA,N
The Herald News,http://www.heraldnews.com/,http://www.heraldnews.com/news?template=rss&mime=xml,Fall River,MA,N
MetroWest Daily News,http://www.metrowestdailynews.com/,http://www.metrowestdailynews.com/news?template=rss&mime=xml,Framingham,MA,N
Milford Daily News,http://www.milforddailynews.com/,http://www.milforddailynews.com/news?template=rss&mime=xml,Milford,MA,N
The Patriot Ledger,http://www.patriotledger.com/,http://www.patriotledger.com/news?template=rss&mime=xml,Quincy,MA,N
Sentinel & Enterprise,http://www.sentinelandenterprise.com/,http://feeds.sentinelandenterprise.com/mngi/rss/CustomRssServlet/106/230112.xml,Fitchburg,MA,N
The Standard-Times,http://www.southcoasttoday.com/,http://www.southcoasttoday.com/politics?template=rss&mime=xml,New Bedford,MA,N
Taunton Daily Gazette,http://www.tauntongazette.com/,http://www.tauntongazette.com/news?template=rss&mime=xml,Taunton,MA,N
Telegram and Gazette,http://www.telegram.com/,http://www.telegram.com/news?template=rss&mime=xml,Worcester,MA,N
The Daily Telegram,http://www.lenconnect.com/,http://www.lenconnect.com/news?template=rss&mime=xml,Adrian,MI,N
The Alpena News,http://www.thealpenanews.com/,http://www.thealpenanews.com/page/syndrss.front/headline.xml,Alpena,MI,N
Cheboygan Daily Tribune,http://www.cheboygannews.com/,http://www.cheboygannews.com/news?template=rss&mime=xml,Cheboygan,MI,N
The Daily Reporter,http://www.thedailyreporter.com/,http://www.thedailyreporter.com/news?template=rss&mime=xml,Coldwater,MI,N
Iraq Sun,http://www.iraqsun.com/,http://feeds.iraqsun.com/rss/c31d0aaa23b24a75,Dearborn Heights,MI,N
Metro Times,http://www.metrotimes.com/,http://www.metrotimes.com/detroit/Rss.xml?section=2135207,Ferndale,MI,N
Grand Haven Tribune,http://www.grandhaventribune.com/,http://www.grandhaventribune.com/rss/announcements,Grand Haven,MI,N
Grand Rapids Business Journal,http://www.grbj.com/,http://www.grbj.com/rss/8,Grand Rapids,MI,N
Hillsdale Daily News ,http://www.hillsdale.net/,http://www.hillsdale.net/news?template=rss&mime=xml,Hillsdale,MI,N
The Holland Sentinel,http://www.hollandsentinel.com/,http://www.hollandsentinel.com/news?template=rss&mime=xml,Holland,MI,N
The Daily Mining Gazette ,http://www.mininggazette.com/,http://www.mininggazette.com/page/syndrss.front/headline.xml,Houghton,MI,N
Ionia Sentinel-Standard,http://www.sentinel-standard.com/,http://www.sentinel-standard.com/news?template=rss&mime=xml,Ionia,MI,N
Ironwood Daily Globe,http://www.yourdailyglobe.com/,http://www.yourdailyglobe.com/rss,Ironwood,MI,N
Mackinac Island Town Crier,http://www.mackinacislandnews.com/,http://www.mackinacislandnews.com/news.xml,Mackinac Island,MI,N
The Macomb Daily,http://www.macombdaily.com/,http://www.macombdaily.com/section?template=RSS&profile=4001918&mime=xml,Macomb County,MI,N
The Mining Journal,http://www.miningjournal.net/,http://www.miningjournal.net/page/syndrss.front/headline.xml,Marquette,MI,N
Michigan Lawyers Weekly,http://milawyersweekly.com/,http://milawyersweekly.com/feed/,Farmington Hills,MI,N
Argus-Press,http://www.argus-press.com/,"http://www.argus-press.com/search/?q=&t=article&l=100&d=&d1=&d2=&s=start_time&sd=desc&nsa=eedition&c[]=news/news_local,news/news_local/*&f=rss",Owosso,MI,N
The Oakland Press ,http://www.theoaklandpress.com/,http://www.theoaklandpress.com/section?template=RSS&profile=4001179&mime=xml,Pontiac,MI,N
St. Ignace News ,http://www.stignacenews.com/,http://www.stignacenews.com/news.xml,St. Ignace,MI,N
The News-Herald ,http://www.thenewsherald.com/,http://www.thenewsherald.com/?rss=news,Southgate,MI,N
Sturgis Journal,http://www.sturgisjournal.com/,http://www.sturgisjournal.com/news?template=rss&mime=xml,Sturgis,MI,N
Brainerd Dispatch,http://www.brainerddispatch.com/,http://www.brainerddispatch.com/latest/rss/,Brainerd,MN,N
Crookston Daily Times,http://www.crookstontimes.com/,http://www.crookstontimes.com/news?template=rss&mime=xml,Crookston,MN,N
Duluth News Tribune,http://www.duluthnewstribune.com/,http://www.duluthnewstribune.com/latest/rss/,Duluth,MN,N
Finance and Commerce,http://finance-commerce.com/,http://finance-commerce.com/feed/,Minneapolis,MN,N
MinnPost,https://www.minnpost.com/,https://www.minnpost.com/section/166/rss.xml,Minneapolis,MN,N
St. Paul Pioneer Press,http://www.twincities.com/,http://www.twincities.com/feed/,St. Paul ,MN,N
Star Tribune,http://www.startribune.com/,http://www.startribune.com/politics/index.rss2,Minneapolis-St.Paul ,MN,N
West Central Tribune,http://www.wctrib.com/,http://www.wctrib.com/latest/rss/,Willmar,MN,N
Clarksdale Press Register,http://www.pressregister.com/,"http://www.pressregister.com/search/?q=&t=article&l=100&d=&d1=&d2=&s=start_time&sd=desc&nsa=eedition&c[]=news,news/*&f=rss",Clarksdale,MS,N
Daily Corinthian,http://www.dailycorinthian.com/,http://dailycorinthian.com/rss/home/Daily+Corinthian+Stories?instance=Daily+Corinthian+Stories&content_type=article&tags=rss&offset=0&limit=200&source=site&page_name=home,Corinth,MS,N
The Greenwood Commonwealth,http://www.gwcommonwealth.com/,"http://www.gwcommonwealth.com/search/?q=&t=article&l=100&d=&d1=&d2=&s=start_time&sd=desc&nsa=eedition&c[]=news,news/*&f=rss",Greenwood,MS,N
Mississippi Business Journal,http://msbusiness.com/,http://msbusiness.com/feed/,Jackson ,MS,N
Boonville Daily News,http://www.boonvilledailynews.com/,http://www.boonvilledailynews.com/news?template=rss&mime=xml,Boonville,MO,N
Lake Sun Leader,http://www.lakenewsonline.com/,http://www.lakenewsonline.com/news?template=rss&mime=xml,Camdenton,MO,N
The Carthage Press,http://www.carthagepress.com/,http://www.carthagepress.com/news?template=rss&mime=xml,Carthage,MO,N
Chillicothe Constitution-Tribune,http://www.chillicothenews.com/,http://www.chillicothenews.com/news?template=rss&mime=xml,Chillicothe,MO,N
Hannibal Courier-Post,http://www.hannibal.net/,http://www.hannibal.net/news?template=rss&mime=xml,Hannibal,MO,N
Marshall Democrat-News,http://www.marshallnews.com/,http://www.marshallnews.com/feed/rss/all/week.rss,Marshall,MO,N
The Daily Star-Journal,http://www.dailystarjournal.com/,"http://www.dailystarjournal.com/search/?q=&t=article&l=100&d=&d1=&d2=&s=start_time&sd=desc&nsa=eedition&c[]=news,news/*&f=rss",Warrensburg,MO,N
Billings Gazette,http://billingsgazette.com/,http://billingsgazette.com/search/?f=rss&t=article&c=news/local*&l=25&s=start_time&sd=desc,Billings,MT,Y
The Glasgow Courier,http://glasgowcourier.com/,http://www.glasgowcourier.com/rss,Glascow,MT,N
Havre Daily News,http://www.havredailynews.com/,http://www.havredailynews.com/rss,Havre,MT,N
The Local Rag,http://localrag.com/,http://localrag.com/feed/,Red Lodge,MT,N
Missoula Independent,http://missoulanews.bigskypress.com/,http://missoulanews.bigskypress.com/missoula/Rss.xml?section=1131537,Missoula,MT,N
Missoulian,http://missoulian.com/,http://missoulian.com/search/?f=rss&t=article&c=news/state-and-regional&l=25&s=start_time&sd=desc,Missoula,MT,N
The Western News ,http://www.thewesternnews.com/,"http://www.thewesternnews.com/search/?q=&t=article&l=100&d=&d1=&d2=&s=start_time&sd=desc&nsa=eedition&c[]=news,news/*&f=rss",Libby,MT,N
Columbus Telegram,http://columbustelegram.com/,http://columbustelegram.com/search/?f=rss&t=article&c=news&l=25&s=start_time&sd=desc,Columbus,NE,N
Fremont Tribune,http://fremonttribune.com/,http://fremonttribune.com/search/?f=rss&t=article&c=news&l=25&s=start_time&sd=desc,Fremont,NE,N
Lincoln Journal Star,http://journalstar.com/,http://journalstar.com/search/?f=rss&t=article&c=news/state-and-regional/govt-and-politics*&l=25&s=start_time&sd=desc,Lincoln,NE,N
Las Vegas Review-Journal,http://www.reviewjournal.com/,http://www.reviewjournal.com/news/feed,Las Vegas,NV,N
Las Vegas Sun,http://lasvegassun.com/,http://lasvegassun.com/feeds/headlines/all/,Las Vegas ,NV,N
Nevada Appeal,http://www.nevadaappeal.com/,http://www.nevadaappeal.com/csp/mediapool/sites/SwiftShared/assets/csp/rssCategoryFeed.csp?pub=NevadaAppeal&sectionId=911&sectionLabel=Government,Carson City,NV,N
Concord Monitor,http://www.concordmonitor.com/,http://www.concordmonitor.com/Special-Pages/RSS?feed=Politics,Concord,NH,N
Valley News,http://www.vnews.com/,http://www.vnews.com/SpecialPages/RSS?feed=News,Lebanon,NH,N
South Jersey Times,http://www.nj.com/south/,http://blog.nj.com/ledgerupdates_impact/rss.xml,Woodbury,NJ,N
The Times,http://www.nj.com/times/,http://blog.nj.com/centraljersey_impact/rss.xml,Trenton,NJ,N
The Trentonian,http://www.trentonian.com/,http://www.trentonian.com/section?template=RSS&profile=4002301&mime=xml,Trenton,NJ,N
Rio Grande Sun,http://www.riograndesun.com/,http://www.riograndesun.com/?rss=news,Espanola,NM,N
The Santa Fe New Mexican ,http://www.santafenewmexican.com/,"http://www.santafenewmexican.com/search/?q=&t=article&l=100&d=&d1=&d2=&s=start_time&sd=desc&nsa=eedition&c[]=news,news/*&f=rss",Santa Fe,NM,N
Santa Fe Reporter,http://www.sfreporter.com/santafe/,http://www.sfreporter.com/santafe/files/home.xml,Santa Fe,NM,N
Silver City Daily Press and Independent,http://www.scdailypress.com/site/,http://www.scdailypress.com/site/feed/,Silver City,NM,N
Daily Freeman,http://www.dailyfreeman.com/,http://www.dailyfreeman.com/section?template=RSS&profile=4003275&mime=xml,Kingston,NY,N
Daily Messenger,http://www.mpnnow.com/,http://www.mpnnow.com/news?template=rss&mime=xml,Canandaigua,NY,N
The Leader Herald,http://www.leaderherald.com/,http://www.leaderherald.com/page/syndrss.front/headline.xml,Gloversville,NY,N
Observer,http://www.observertoday.com/,http://www.observertoday.com/page/syndrss.front/headline.xml,Dunkirk,NY,N
Observer-Dispatch,http://www.uticaod.com/,http://www.uticaod.com/news/nation-world?template=rss&mime=xml&_ga=1.253261453.561878066.1465311630,Utica,NY,N
Olean Times Herald,http://www.oleantimesherald.com/,"http://www.oleantimesherald.com/search/?q=&t=article&l=100&d=&d1=&d2=&s=start_time&sd=desc&nsa=eedition&c[]=news,news/*&f=rss",Olean,NY,N
The Post-Journal,http://www.post-journal.com/,http://www.post-journal.com/page/syndrss.front/headline.xml,Jamestown,NY,N
Times Union,http://www.timesunion.com/,http://www.timesunion.com/default/feed/Breaking-News-240.php,Albany,NY,N
Washington Square News,http://www.nyunews.com/,http://www.nyunews.com/feed/,New York,NY,N
Andrews Journal,http://www.myandrewsjournal.com/,http://www.myandrewsjournal.com/rss.xml,Andrews,NC,N
Charlotte Jewish News,http://www.charlottejewishnews.org/,http://www.charlottejewishnews.org/feed/,Charlotte,NC,N
Cherokee Scout,http://www.cherokeescout.com/,http://www.cherokeescout.com/rss.xml,Murphy,NC,N
The Courier-Tribune,http://courier-tribune.com/,http://courier-tribune.com/news/local/feed,Asheboro,NC,N
The Dispatch,http://www.the-dispatch.com/,http://www.the-dispatch.com/rss/articles/NEWS/1005/30,Lexington,NC,N
Hickory Daily Record,http://www.hickoryrecord.com/,http://www.hickoryrecord.com/search/?q=&t=article&l=25&d=&d1=&d2=&s=start_time&sd=desc&c[]=news/local*&f=rss,Hickory,NC,N
The Reidsville Review,http://www.greensboro.com/rockingham_now/,"http://www.greensboro.com/search/?q=&t=article&l=100&d=&d1=&d2=&s=start_time&sd=desc&nsa=eedition&c[]=news,news/*&f=rss",Reidsville,NC,N
Star-News,http://www.starnewsonline.com/,http://www.starnewsonline.com/rss/articles/NEWS/1004/30,Wilmington,NC,N
The Forum of Fargo-Moorhead,http://www.inforum.com/,http://www.inforum.com/latest/rss/,Fargo,ND,N
Grand Forks Herald,http://www.grandforksherald.com/,http://www.grandforksherald.com/latest/rss/,Grand Forks,ND,N
Minot Daily News,http://www.minotdailynews.com/,http://www.minotdailynews.com/page/syndrss.front/headline.xml,Minot,ND,N
The Columbus Dispatch,http://www.dispatch.com/,http://www.dispatch.com/content/syndication/news_ohio_politics.xml,Columbus,OH,N
Tribune Chronicle,http://www.tribtoday.com/,http://www.tribtoday.com/page/syndrss.front/headline.xml,Warren ,OH,N
The Vindicator,http://www.vindy.com/,http://www.vindy.com/rss/headlines/kindle/news/,Youngstown,OH,N
Baptist Messenger,https://www.baptistmessenger.com/,https://www.baptistmessenger.com/feed/,Oklahoma City,OK,N
Bartlesville Examiner-Enterprise,http://examiner-enterprise.com/,http://examiner-enterprise.com/news/local-news/feed,Bartlesville,OK,N
The Durant Daily Democrat,http://durantdemocrat.com/,http://durantdemocrat.com/feed,Durant,OK,N
Lawton Constitution,http://swoknews.com/,http://swoknews.com/rss.xml,Lawton,OK,N
Oklahoma Gazette,http://okgazette.com/,http://okgazette.com/feed/,Oklahoma City,OK,N
Cottage Grove Sentinel,http://www.cgsentinel.com/v2_main_page.php,http://www.cgsentinel.com/TopStories.xml,Cottage Grove,OR,N
Siuslaw News,http://www.thesiuslawnews.com/v2_main_page.php,http://www.thesiuslawnews.com/TopStories.xml,Florence,OR,N
The Observer,http://www.lagrandeobserver.com/,http://www.lagrandeobserver.com/csp/mediapool/sites/dt.cms.rss.XMLServer.cls?pub=LaGrandeObserver&section=/Home/,La Grande,OR,N
News Times,http://www.newportnewstimes.com/v2_main_page.php,http://www.newportnewstimes.com/TopStories.xml,Newport,OR,N
Daily Journal of Commerce,http://djcoregon.com/,http://djcoregon.com/news/category/news/feed/,Portland,OR,N
Altoona Mirror,http://www.altoonamirror.com/,http://www.altoonamirror.com/page/syndrss.front/headline.xml,Altoona,PA,N
Daily Local News,http://www.dailylocal.com/,http://www.dailylocal.com/section?template=RSS&profile=4002110&mime=xml,West Chester,PA,N
The Gettysburg Times,http://www.gettysburgtimes.com/,http://www.gettysburgtimes.com/search/?q=&t=&l=50&d=&d1=&d2=&s=&sd=desc&c[]=news&f=rss,Gettysburg,PA,N
The Intelligencer,http://www.theintell.com/,http://www.theintell.com/search/?q=&t=article&l=10&d=&d1=&d2=&s=start_time&sd=desc&c[]=news/local/*&f=rss,Doylestown,PA,N
The Mercury ,http://www.pottsmerc.com/,http://www.pottsmerc.com/section?template=RSS&profile=4002173&mime=xml,Pottstown,PA,N
Philadelphia Metro,http://www.metro.us/philadelphia/,http://www.metro.us/rss.xml?c=1410180502-9,Philadelphia,PA,N
The Morning Call,http://www.mcall.com/,http://www.mcall.com/news/local/elections/rss2.0.xml,Allentown,PA,N
The News-Item,http://www.newsitem.com/,http://www.newsitem.com/news.xml,Shamokin,PA,N
Philadelphia Tribune,http://www.phillytrib.com/,"http://www.phillytrib.com/search/?q=&t=article&l=100&d=&d1=&d2=&s=start_time&sd=desc&nsa=eedition&c[]=news,news/*&f=rss",Philadelphia,PA,N
Williamsport Sun-Gazette,http://sungazette.com/,http://sungazette.com/page/syndrss.front/headline.xml,Williamsport,PA,N
The Providence Journal,http://www.providencejournal.com/,http://www.providencejournal.com/news?template=rss&mime=xml,Providence,RI,N
Aiken Standard,http://www.aikenstandard.com/,http://www.aikenstandard.com/apps/pbcs.dll/section?category=feed&template=rss&mime=xml&profile=1007,Aiken,SC,N
The Sun News,http://www.myrtlebeachonline.com/,http://www.myrtlebeachonline.com/news/politics-government/?widgetName=rssfeed&widgetContentId=712015&getXmlFeed=true,Myrtle Beach,SC,N
Black Hills Pioneer,http://www.bhpioneer.com/,"http://www.bhpioneer.com/search/?q=&t=article&l=100&d=&d1=&d2=&s=start_time&sd=desc&nsa=eedition&c[]=news,news/*&f=rss",Spearfish,SD,N
The Brookings Register,http://www.brookingsregister.com/v2_main_page.php,http://www.brookingsregister.com/News.xml,Brookings,SD,N
Plainsman,http://www.plainsman.com/v2_main_page.php,http://www.plainsman.com/AreaNews.xml,Huron,SD,N
Mitchell Daily Republic,http://www.mitchellrepublic.com/,http://www.mitchellrepublic.com/latest/rss/,Mitchell,SD,N
Watertown Public Opinion,http://www.thepublicopinion.com/,"http://www.thepublicopinion.com/search/?q=&t=article&l=100&d=&d1=&d2=&s=start_time&sd=desc&nsa=eedition&c[]=news/local_news,news/local_news/*&f=rss",Watertown,SD,N
Daily Herald,http://columbiadailyherald.com/,http://columbiadailyherald.com/news/feed,Columbia,TN,N
The Greeneville Sun,http://www.greenevillesun.com/,"http://www.greenevillesun.com/search/?q=&t=article&l=100&d=&d1=&d2=&s=start_time&sd=desc&nsa=eedition&c[]=news,news/*&f=rss",Greeneville,TN,N
Kingsport Times-News,http://www.timesnews.net/,http://www.timesnews.net/rss/news,Kingsport,TN,N
The Commercial Appeal,http://www.commercialappeal.com/,http://www.commercialappeal.com/news/government/politics/index.rss,Memphis,TN,N
Baytown Sun,http://baytownsun.com/,http://baytownsun.com/search/?q=&t=article&l=25&d=&d1=&d2=&s=start_time&sd=desc&c[]=news*&f=rss,Baytown,TX,N
Beaumont Enterprise,http://www.beaumontenterprise.com/,http://www.beaumontenterprise.com/news/government/collectionRss/News-Government-Heds-7766.php,Beaumont,TX,N
The Brownsville Herald,http://www.brownsvilleherald.com/,http://www.brownsvilleherald.com/search/?q=&t=article&l=25&d=&d1=&d2=&s=start_time&sd=desc&c[]=news/local*&f=rss,Brownsville,TX,N
Corpus Christi Caller-Times,http://www.caller.com/,http://www.caller.com/news/politics/index.rss,Corpus Christi,TX,N
Henderson Daily News,http://www.hendersondailynews.com/,"http://www.hendersondailynews.com/search/?q=&t=article&l=100&d=&d1=&d2=&s=start_time&sd=desc&nsa=eedition&c[]=news,news/*&f=rss",Henderson,TX,N
Killeen Daily Herald,http://kdhnews.com/,"http://kdhnews.com/search/?q=&t=article&l=100&d=&d1=&d2=&s=start_time&sd=desc&nsa=eedition&c[]=news,news/*&f=rss",Killeen,TX,N
The Lufkin Daily News,http://lufkindailynews.com/,"http://lufkindailynews.com/search/?q=&t=article&l=100&d=&d1=&d2=&s=start_time&sd=desc&nsa=eedition&c[]=news/local,news/local/*&f=rss",Lufkin,TX,N
Mount Pleasant Daily Tribune,http://www.dailytribune.net/,"http://www.dailytribune.net/search/?q=&t=article&l=100&d=&d1=&d2=&s=start_time&sd=desc&nsa=eedition&c[]=news,news/*&f=rss",Mount Pleasant,TX,N
Temple Daily Telegram,http://www.tdtnews.com/,"http://www.tdtnews.com/search/?q=&t=article&l=100&d=&d1=&d2=&s=start_time&sd=desc&nsa=eedition&c[]=news,news/*&f=rss",Temple,TX,N
Valley Morning Star,http://www.valleymorningstar.com/,http://www.valleymorningstar.com/search/?q=&t=article&l=25&d=&d1=&d2=&s=start_time&sd=desc&c[]=news/local_news*&f=rss,Harlingen,TX,N
The Salt Lake Tribune,http://www.sltrib.com/,http://www.sltrib.com/rss/feed/?sec=/News/&level=0,Salt Lake City,UT,N
The Richfield Reaper,http://www.richfieldreaper.com/,"http://www.richfieldreaper.com/search/?q=&t=article&l=100&d=&d1=&d2=&s=start_time&sd=desc&nsa=eedition&c[]=news/sports,news/sports/*&f=rss",Richfield ,UT,N
Brattleboro Reformer,http://www.reformer.com/,http://feeds.reformer.com/mngi/rss/CustomRssServlet/510/200372.xml,Brattleboro,VT,N
Vermont Daily News,http://www.wcax.com/,http://www.wcax.com/category/18197/localnews?clienttype=rss,Burlington,VT,N
The Free Lance-Star,http://www.fredericksburg.com/,"http://www.fredericksburg.com/search/?q=&t=article&l=100&d=&d1=&d2=&s=start_time&sd=desc&nsa=eedition&c[]=news,news/*&f=rss",Fredericksburg,VA,N
The News & Advance,http://www.newsadvance.com/,http://www.newsadvance.com/search/?q=&t=article&l=10&d=&d1=&d2=&s=start_time&sd=desc&c=news*&f=rss,Lynchburg,VA,N
The Bellingham Herald,http://www.bellinghamherald.com/,http://www.bellinghamherald.com/news/politics-government/?widgetName=rssfeed&widgetContentId=712015&getXmlFeed=true,Bellingham,WA,N
The Columbian,http://www.columbian.com/,http://www.columbian.com/feed/,Vancouver,WA,N
The Daily News,http://tdn.com/,http://tdn.com/search/?f=rss&t=article&c=news/local/govt-and-politics&l=25&s=start_time&sd=desc,Kelso,WA,N
The Daily World,http://thedailyworld.com/,http://thedailyworld.com/news/local/feed,Aberdeen,WA,N
Seattle Post-Intelligencer,http://www.seattlepi.com/,http://www.seattlepi.com/local/feed/seattlepi-com-Local-News-218.php,Seattle,WA,N
The Seattle Times,http://www.seattletimes.com/,http://www.seattletimes.com/politics/feed/,Seattle,WA,N
The Stranger,http://www.thestranger.com/,http://www.thestranger.com/seattle/Rss.xml?section=226,Seattle,WA,N
Express,https://www.washingtonpost.com/express/,http://feeds.washingtonpost.com/rss/rss_expres,Washington,DC,N
The Hill,http://thehill.com/,http://thehill.com/rss/syndicator/19109,Washington,DC,N
The Washington Times,http://www.washingtontimes.com/,http://www.washingtontimes.com/rss/headlines/news/politics/,Washington,DC,N
The Parkersburg News and Sentinel,http://www.newsandsentinel.com/,http://www.newsandsentinel.com/page/syndrss.front/headline.xml,Parkersburg,WV,N
The Intelligencer and Wheeling News Register,http://theintelligencer.net/,http://theintelligencer.net/page/syndrss.front/headline.xml,Wheeling,WV,N
Beloit Daily News,http://www.beloitdailynews.com/,"http://www.beloitdailynews.com/search/?q=&t=article&l=100&d=&d1=&d2=&s=start_time&sd=desc&nsa=eedition&c[]=news/illinois,news/illinois/*&f=rss",Beloit,WI,N
The Chetek Alert,http://www.chetekalert.com/,"http://www.chetekalert.com/search/?q=&t=article&l=100&d=&d1=&d2=&s=start_time&sd=desc&nsa=eedition&c[]=news,news/*&f=rss",Chetek,WI,N
Eau Claire Leader-Telegram,http://www.leadertelegram.com/,http://www.leadertelegram.com/rss,Eau Claire,WI,N
The Lake Mills Leader,http://www.hngnews.com/lake_mills_leader/news/,"http://www.hngnews.com/search/?q=&t=article&l=100&d=&d1=&d2=&s=start_time&sd=desc&nsa=eedition&c[]=lake_mills_leader/news/regional,lake_mills_leader/news/regional/*&f=rss",Lake Mills,WI,N
Milwaukee Journal-Sentinel,http://www.jsonline.com/,http://www.jsonline.com/rss/?c=y&path=%2Falerts%2Fpolitics,Milwaukee,WI,N
Watertown Daily Times,http://www.watertowndailytimes.com/,http://www.watertowndailytimes.com/section/rss_wdttop?mime=application%2Frss%2Bxml,Watertown,WI,N
Laramie Boomerang,http://www.laramieboomerang.com/,"http://www.laramieboomerang.com/search/?q=&t=article&l=100&d=&d1=&d2=&s=start_time&sd=desc&nsa=eedition&c[]=news,news/*&f=rss",Laramie,WY,N
blah,b,b,bb,b,b
